<?xml version="1.0" encoding="UTF-8"?>
<project-private xmlns="http://www.netbeans.org/ns/project-private/1">
    <editor-bookmarks xmlns="http://www.netbeans.org/ns/editor-bookmarks/2" lastBookmarkId="0"/>
    <open-files xmlns="http://www.netbeans.org/ns/projectui-open-files/2">
        <group>
            <file>file:/D:/Materi%20Kuliah/Semester%204/PBO/materi/proyek/Pelanggaran_mahasiswa%20dan%20add%20pelanggaran%20mahasiswa/Kel12_SistemLegenda/src/proyek/Mahasiswa.java</file>
            <file>file:/D:/Materi%20Kuliah/Semester%204/PBO/materi/proyek/Pelanggaran_mahasiswa%20dan%20add%20pelanggaran%20mahasiswa/Kel12_SistemLegenda/src/proyek/AddPelanggaran_Mahasiswa.java</file>
            <file>file:/D:/Materi%20Kuliah/Semester%204/PBO/materi/proyek/Pelanggaran_mahasiswa%20dan%20add%20pelanggaran%20mahasiswa/Kel12_SistemLegenda/src/proyek/Home.java</file>
            <file>file:/D:/Materi%20Kuliah/Semester%204/PBO/materi/proyek/Pelanggaran_mahasiswa%20dan%20add%20pelanggaran%20mahasiswa/Kel12_SistemLegenda/src/proyek/Pelanggaran_Mhs.java</file>
            <file>file:/D:/Materi%20Kuliah/Semester%204/PBO/materi/proyek/Pelanggaran_mahasiswa%20dan%20add%20pelanggaran%20mahasiswa/Kel12_SistemLegenda/src/proyek/AddPoint_Pelanggaran.java</file>
            <file>file:/D:/Materi%20Kuliah/Semester%204/PBO/materi/proyek/Pelanggaran_mahasiswa%20dan%20add%20pelanggaran%20mahasiswa/Kel12_SistemLegenda/src/proyek/Kemahasiswaan.java</file>
            <file>file:/D:/Materi%20Kuliah/Semester%204/PBO/materi/proyek/Pelanggaran_mahasiswa%20dan%20add%20pelanggaran%20mahasiswa/Kel12_SistemLegenda/src/proyek/Point_pelanggaran.java</file>
            <file>file:/D:/Materi%20Kuliah/Semester%204/PBO/materi/proyek/Pelanggaran_mahasiswa%20dan%20add%20pelanggaran%20mahasiswa/Kel12_SistemLegenda/src/proyek/AddGelar.java</file>
            <file>file:/D:/Materi%20Kuliah/Semester%204/PBO/materi/proyek/Pelanggaran_mahasiswa%20dan%20add%20pelanggaran%20mahasiswa/Kel12_SistemLegenda/src/proyek/DbHandler.java</file>
            <file>file:/D:/Materi%20Kuliah/Semester%204/PBO/materi/proyek/Pelanggaran_mahasiswa%20dan%20add%20pelanggaran%20mahasiswa/Kel12_SistemLegenda/src/proyek/Daftar_Gelar.java</file>
            <file>file:/D:/Materi%20Kuliah/Semester%204/PBO/materi/proyek/Pelanggaran_mahasiswa%20dan%20add%20pelanggaran%20mahasiswa/Kel12_SistemLegenda/src/proyek/Keasramaan.java</file>
        </group>
    </open-files>
</project-private>
