<?xml version="1.0" encoding="UTF-8"?>
<project-private xmlns="http://www.netbeans.org/ns/project-private/1">
    <editor-bookmarks xmlns="http://www.netbeans.org/ns/editor-bookmarks/2" lastBookmarkId="0"/>
    <open-files xmlns="http://www.netbeans.org/ns/projectui-open-files/2">
        <group>
            <file>file:/D:/Materi%20Kuliah/Semester%204/PBO/materi/week%2013/%20Kemahasiswaan%20dan%20Keasramaan/src/Kemahasiswaan.java</file>
            <file>file:/D:/Materi%20Kuliah/Semester%204/PBO/materi/week%2013/%20Kemahasiswaan%20dan%20Keasramaan/src/Keasramaan.java</file>
        </group>
    </open-files>
</project-private>
