<?xml version="1.0" encoding="UTF-8"?>
<project-private xmlns="http://www.netbeans.org/ns/project-private/1">
    <editor-bookmarks xmlns="http://www.netbeans.org/ns/editor-bookmarks/2" lastBookmarkId="0"/>
    <open-files xmlns="http://www.netbeans.org/ns/projectui-open-files/2">
        <group>
            <file>file:/E:/PROYEK%20PBO/Kel12_SistemLegenda/src/proyek/Pelanggaran_Mhs.java</file>
            <file>file:/E:/PROYEK%20PBO/Kel12_SistemLegenda/src/proyek/AddPoint_Pelanggaran.java</file>
            <file>file:/E:/PROYEK%20PBO/Kel12_SistemLegenda/src/proyek/AddPelanggaran_Mahasiswa.java</file>
        </group>
    </open-files>
</project-private>
